{"cameraMode":{"drawMode":0,"name":"Shaded","section":"Shading Mode"},"sceneLighting":true,"audioPlay":false,"sceneViewState":{"showFog":false,"showMaterialUpdate":false,"showSkybox":false,"showFlares":false,"showImageEffects":false,"showParticleSystems":false},"in2DMode":false,"pivot":{"x":-10.982782363891602,"y":-4.822972774505615,"z":-0.22056207060813905},"rotation":{"x":0.15263815224170686,"y":-0.6955389380455017,"z":0.1550290286540985,"w":0.6847830414772034},"size":9.839141845703125,"orthographic":false}