{"cameraMode":{"drawMode":0,"name":"Shaded","section":"Shading Mode"},"sceneLighting":true,"audioPlay":false,"sceneViewState":{"showFog":false,"showMaterialUpdate":false,"showSkybox":false,"showFlares":false,"showImageEffects":false,"showParticleSystems":false},"in2DMode":false,"pivot":{"x":-7.924771308898926,"y":0.5586761236190796,"z":-0.2197226583957672},"rotation":{"x":0.06171475723385811,"y":-0.726265013217926,"z":0.06576668471097946,"w":0.6814941763877869},"size":3.5181074142456056,"orthographic":false}