{"cameraMode":{"drawMode":0,"name":"Shaded","section":"Shading Mode"},"sceneLighting":true,"audioPlay":false,"sceneViewState":{"m_AlwaysRefresh":false,"showFog":false,"showSkybox":false,"showFlares":false,"showImageEffects":false,"showParticleSystems":false,"showVisualEffectGraphs":true,"m_FxEnabled":true},"in2DMode":false,"pivot":{"x":516.4694213867188,"y":252.18443298339845,"z":35.840087890625},"rotation":{"x":0.0045000300742685799,"y":-0.0030000393744558098,"z":0.000013536467122321483,"w":0.9999852776527405},"size":259.7805480957031,"orthographic":false}