{"cameraMode":{"drawMode":0,"name":"Shaded","section":"Shading Mode"},"sceneLighting":false,"audioPlay":false,"sceneViewState":{"m_AlwaysRefresh":false,"showFog":false,"showSkybox":false,"showFlares":false,"showImageEffects":false,"showParticleSystems":false,"showVisualEffectGraphs":true,"m_FxEnabled":true},"in2DMode":false,"pivot":{"x":-0.6652311086654663,"y":0.9119691848754883,"z":-0.04524342343211174},"rotation":{"x":-0.0002326889371033758,"y":0.9809868335723877,"z":-0.19407033920288087,"w":-0.001176153076812625},"size":0.9532763361930847,"orthographic":false}