{"cameraMode":{"drawMode":0,"name":"Shaded","section":"Shading Mode"},"sceneLighting":true,"audioPlay":false,"sceneViewState":{"showFog":true,"showMaterialUpdate":true,"showSkybox":true,"showFlares":true,"showImageEffects":true,"showParticleSystems":true},"in2DMode":false,"pivot":{"x":0.5410711765289307,"y":1.1220941543579102,"z":-4.213198661804199},"rotation":{"x":-0.010062875226140023,"y":0.9865087866783142,"z":-0.14940860867500306,"w":-0.06639070063829422},"size":1.312863826751709,"orthographic":false}