{"cameraMode":{"drawMode":0,"name":"Shaded","section":"Shading Mode"},"sceneLighting":true,"audioPlay":false,"sceneViewState":{"showFog":true,"showMaterialUpdate":true,"showSkybox":true,"showFlares":true,"showImageEffects":true,"showParticleSystems":true},"in2DMode":false,"pivot":{"x":0.8090221285820007,"y":-0.43440353870391848,"z":0.11275488138198853},"rotation":{"x":-0.20222733914852143,"y":0.6293318271636963,"z":-0.17438265681266786,"w":-0.7298204898834229},"size":0.699278712272644,"orthographic":false}