{"cameraMode":{"drawMode":0,"name":"Shaded","section":"Shading Mode"},"sceneLighting":true,"audioPlay":false,"sceneViewState":{"showFog":true,"showMaterialUpdate":true,"showSkybox":true,"showFlares":true,"showImageEffects":true,"showParticleSystems":true},"in2DMode":false,"pivot":{"x":-5.565710544586182,"y":13.34537410736084,"z":-44.0516242980957},"rotation":{"x":0.24174614250659944,"y":0.3510323166847229,"z":-0.09433665126562119,"w":0.8997040390968323},"size":0.6982702016830444,"orthographic":false}