{"cameraMode":{"drawMode":0,"name":"Shaded","section":"Shading Mode"},"sceneLighting":true,"audioPlay":false,"sceneViewState":{"showFog":true,"showMaterialUpdate":true,"showSkybox":true,"showFlares":true,"showImageEffects":true,"showParticleSystems":true},"in2DMode":false,"pivot":{"x":-2.3928961753845217,"y":17.379657745361329,"z":-38.401695251464847},"rotation":{"x":0.3800094723701477,"y":0.15836282074451447,"z":-0.06621809303760529,"w":0.9089285731315613},"size":12.888749122619629,"orthographic":false}