{"cameraMode":{"drawMode":0,"name":"Shaded","section":"Shading Mode"},"sceneLighting":false,"audioPlay":false,"sceneViewState":{"showFog":true,"showMaterialUpdate":true,"showSkybox":false,"showFlares":true,"showImageEffects":true,"showParticleSystems":true},"in2DMode":false,"pivot":{"x":1.521454095840454,"y":0.9784862995147705,"z":-0.00024306774139404297},"rotation":{"x":0.26982277631759646,"y":0.5992427468299866,"z":-0.2247477024793625,"w":0.7194525599479675},"size":1.432051658630371,"orthographic":false}