{"cameraMode":{"drawMode":0,"name":"Shaded","section":"Shading Mode"},"sceneLighting":true,"audioPlay":false,"sceneViewState":{"showFog":true,"showMaterialUpdate":true,"showSkybox":true,"showFlares":true,"showImageEffects":true,"showParticleSystems":true},"in2DMode":false,"pivot":{"x":2.716801166534424,"y":0.23681116104125977,"z":-0.5986599922180176},"rotation":{"x":0.05122876912355423,"y":0.9386438131332398,"z":-0.15949247777462007,"w":0.301504522562027},"size":3.399278402328491,"orthographic":false}