{"cameraMode":{"drawMode":0,"name":"Shaded","section":"Shading Mode"},"sceneLighting":true,"audioPlay":false,"sceneViewState":{"showFog":false,"showMaterialUpdate":false,"showSkybox":false,"showFlares":false,"showImageEffects":false,"showParticleSystems":false},"in2DMode":false,"pivot":{"x":-3.6488356590270998,"y":8.437167167663575,"z":-42.290611267089847},"rotation":{"x":0.003945077303797007,"y":0.9929289817810059,"z":-0.11368837207555771,"w":0.03456342965364456},"size":8.22812557220459,"orthographic":false}