{"cameraMode":{"drawMode":0,"name":"Shaded","section":"Shading Mode"},"sceneLighting":true,"audioPlay":false,"sceneViewState":{"showFog":false,"showMaterialUpdate":false,"showSkybox":false,"showFlares":false,"showImageEffects":false,"showParticleSystems":false},"in2DMode":false,"pivot":{"x":-2.609177350997925,"y":0.6564140319824219,"z":0.8698749542236328},"rotation":{"x":0.3745630085468292,"y":0.11361614614725113,"z":-0.04630819708108902,"w":0.9190564751625061},"size":6.373091220855713,"orthographic":false}