{"cameraMode":{"drawMode":0,"name":"Shaded","section":"Shading Mode"},"sceneLighting":true,"audioPlay":false,"sceneViewState":{"showFog":false,"showMaterialUpdate":false,"showSkybox":false,"showFlares":false,"showImageEffects":false,"showParticleSystems":false},"in2DMode":false,"pivot":{"x":-2.0071983337402345,"y":11.909305572509766,"z":-35.40509796142578},"rotation":{"x":0.008829832077026368,"y":-0.19376060366630555,"z":0.0017397028859704733,"w":0.9810171127319336},"size":7.003199577331543,"orthographic":false}