{"cameraMode":{"drawMode":0,"name":"Shaded","section":"Shading Mode"},"sceneLighting":true,"audioPlay":false,"sceneViewState":{"showFog":true,"showMaterialUpdate":true,"showSkybox":true,"showFlares":true,"showImageEffects":true,"showParticleSystems":true},"in2DMode":false,"pivot":{"x":-2.747500419616699,"y":8.793749809265137,"z":-34.17880630493164},"rotation":{"x":0.12586626410484315,"y":0.14086592197418214,"z":-0.01805834099650383,"w":0.9818310141563416},"size":6.56602668762207,"orthographic":false}