{"cameraMode":{"drawMode":0,"name":"Shaded","section":"Shading Mode"},"sceneLighting":true,"audioPlay":false,"sceneViewState":{"showFog":false,"showMaterialUpdate":false,"showSkybox":false,"showFlares":false,"showImageEffects":false,"showParticleSystems":false},"in2DMode":false,"pivot":{"x":7.458712100982666,"y":1.5637271404266358,"z":1.578830361366272},"rotation":{"x":0.20035892724990846,"y":0.08511503785848618,"z":-0.01747787557542324,"w":0.975868284702301},"size":1.7660255432128907,"orthographic":false}