{"cameraMode":{"drawMode":0,"name":"Shaded","section":"Shading Mode"},"sceneLighting":true,"audioPlay":false,"sceneViewState":{"showFog":true,"showMaterialUpdate":true,"showSkybox":true,"showFlares":true,"showImageEffects":true,"showParticleSystems":true},"in2DMode":false,"pivot":{"x":-1.8104673624038697,"y":12.139439582824707,"z":-42.952354431152347},"rotation":{"x":0.1638975292444229,"y":0.06505709886550904,"z":-0.01085097435861826,"w":0.9842891097068787},"size":2.3269834518432619,"orthographic":false}