{"cameraMode":{"drawMode":0,"name":"Shaded","section":"Shading Mode"},"sceneLighting":false,"audioPlay":false,"sceneViewState":{"showFog":true,"showMaterialUpdate":true,"showSkybox":false,"showFlares":true,"showImageEffects":true,"showParticleSystems":true},"in2DMode":false,"pivot":{"x":1.4507856369018555,"y":0.7682936191558838,"z":-0.4029589891433716},"rotation":{"x":0.25011375546455386,"y":0.3501318395137787,"z":-0.09758974611759186,"w":0.897413432598114},"size":2.0320515632629396,"orthographic":false}