{"cameraMode":{"drawMode":0,"name":"Shaded","section":"Shading Mode"},"sceneLighting":true,"audioPlay":false,"sceneViewState":{"showFog":false,"showMaterialUpdate":false,"showSkybox":false,"showFlares":false,"showImageEffects":false,"showParticleSystems":false},"in2DMode":false,"pivot":{"x":1.2128775119781495,"y":0.32417821884155276,"z":0.6697196960449219},"rotation":{"x":0.23879937827587129,"y":0.1190858781337738,"z":-0.029523858800530435,"w":0.963295578956604},"size":2.9615583419799806,"orthographic":false}