{"cameraMode":{"drawMode":0,"name":"Shaded","section":"Shading Mode"},"sceneLighting":false,"audioPlay":false,"sceneViewState":{"showFog":false,"showMaterialUpdate":false,"showSkybox":false,"showFlares":false,"showImageEffects":false,"showParticleSystems":false},"in2DMode":false,"pivot":{"x":1.2706434726715088,"y":1.490174651145935,"z":-2.1868879795074465},"rotation":{"x":0.1462680995464325,"y":0.5933550596237183,"z":-0.1107342541217804,"w":0.7837688326835632},"size":2.061558485031128,"orthographic":false}