{"cameraMode":{"drawMode":0,"name":"Shaded","section":"Shading Mode"},"sceneLighting":true,"audioPlay":false,"sceneViewState":{"showFog":true,"showMaterialUpdate":true,"showSkybox":true,"showFlares":true,"showImageEffects":true,"showParticleSystems":true},"in2DMode":false,"pivot":{"x":44.16065216064453,"y":1.0945205688476563,"z":23.064727783203126},"rotation":{"x":0.13507363200187684,"y":0.1200743094086647,"z":-0.0164926927536726,"w":0.983396589756012},"size":79.82738494873047,"orthographic":false}