{"cameraMode":{"drawMode":0,"name":"Shaded","section":"Shading Mode"},"sceneLighting":true,"audioPlay":false,"sceneViewState":{"m_AlwaysRefresh":false,"showFog":false,"showSkybox":false,"showFlares":false,"showImageEffects":false,"showParticleSystems":false,"showVisualEffectGraphs":true,"m_FxEnabled":true},"in2DMode":false,"pivot":{"x":0.33456873893737795,"y":2.41378116607666,"z":-0.4878225326538086},"rotation":{"x":0.35928305983543398,"y":-0.0013998894719406963,"z":0.0005389028810895979,"w":0.9332273006439209},"size":4.301771640777588,"orthographic":false}